Bin,Continent,Location,Sample_type,Sample_type_specific
GCA_000467775.2_CsakCC4_8399_1.0_genomic,Asia,Israel,Clinical,Clin_Blood+CSF
GCA_000698225.1_ASM69822v1_genomic,Europe,Ireland,Environment,Env_FoodFacility
GCA_000974965.1_ASM97496v1_genomic,North_America,USA,Clinical,Clin_Blood+CSF
GCA_000982825.1_ASM98282v1_genomic,North_America,USA,Clinical,Clin_Blood+CSF
GCA_001277275.1_ASM127727v1_genomic,Europe,United Kingdom,Food,Food_Other
GCA_001308945.1_ASM130894v1_genomic,Europe,France,Food,Food_Powdered
GCA_001308965.1_ASM130896v1_genomic,Europe,France,Clinical,Clin_Other
GCA_001308935.1_ASM130893v1_genomic,Europe,France,Clinical,Clin_Stool
GCA_001309015.1_ASM130901v1_genomic,Europe,France,Clinical,Clin_Other
GCA_001309035.1_ASM130903v1_genomic,Europe,France,Clinical,Clin_Other
GCA_001309045.1_ASM130904v1_genomic,Europe,France,Clinical,Clin_Stool
GCA_001309095.1_ASM130909v1_genomic,Europe,France,Clinical,Clin_Other
GCA_001309055.1_ASM130905v1_genomic,Europe,France,Clinical,Clin_Other
GCA_001309115.1_ASM130911v1_genomic,Europe,France,Clinical,Clin_Stool
GCA_001309135.1_ASM130913v1_genomic,Europe,France,Clinical,Clin_Other
GCA_001309155.1_ASM130915v1_genomic,Europe,France,Clinical,Clin_Stool
GCA_001309185.1_ASM130918v1_genomic,Europe,France,Food,Food_Powdered
GCA_001309175.1_ASM130917v1_genomic,Europe,France,Clinical,Clin_Stool
GCA_001309215.1_ASM130921v1_genomic,Europe,France,Clinical,Clin_Other
GCA_001309225.1_ASM130922v1_genomic,Europe,France,Clinical,Clin_Stool
GCA_001309275.1_ASM130927v1_genomic,Europe,France,Clinical,Clin_Other
GCA_001309295.1_ASM130929v1_genomic,Europe,France,Clinical,Clin_Stool
GCA_001309305.1_ASM130930v1_genomic,Europe,France,Food,Food_Powdered
GCA_001309315.1_ASM130931v1_genomic,Europe,France,Clinical,Clin_Stool
GCA_001309345.1_ASM130934v1_genomic,Europe,France,Food,Food_Powdered
GCA_001309375.1_ASM130937v1_genomic,Europe,France,Clinical,Clin_Other
GCA_001309385.1_ASM130938v1_genomic,Europe,France,Clinical,Clin_Other
GCA_001309415.1_ASM130941v1_genomic,Europe,France,Clinical,Clin_Stool
GCA_001309435.1_ASM130943v1_genomic,Europe,France,Clinical,Clin_Other
GCA_001619915.1_ASM161991v1_genomic,Asia,Malaysia,Environment,Env_Natural
GCA_023934385.1_PDT000148438.5_genomic,North_America,USA,Environment,Env_Built
GCA_024176145.1_PDT000148439.5_genomic,North_America,USA,Environment,Env_Built
GCA_023927265.1_PDT000148441.5_genomic,North_America,USA,Environment,Env_Built
GCA_016577725.1_PDT000148448.4_genomic,North_America,USA,Environment,Env_Built
GCA_016085895.1_PDT000148452.4_genomic,North_America,USA,Environment,Env_Built
GCA_016085945.1_PDT000148453.4_genomic,North_America,USA,Environment,Env_Built
GCA_016577745.1_PDT000148454.4_genomic,North_America,USA,Environment,Env_Built
GCA_016577805.1_PDT000148457.4_genomic,North_America,USA,Environment,Env_Built
GCA_016577705.1_PDT000148460.4_genomic,North_America,USA,Environment,Env_Built
GCA_016577665.1_PDT000148461.4_genomic,North_America,USA,Environment,Env_Built
GCA_016577645.1_PDT000148469.4_genomic,North_America,USA,Environment,Env_Built
GCA_016086295.1_PDT000148471.4_genomic,North_America,USA,Environment,Env_Built
GCA_016086915.1_PDT000148472.4_genomic,North_America,USA,Environment,Env_Built
GCA_016086795.1_PDT000148473.4_genomic,North_America,USA,Environment,Env_Built
GCA_016577585.1_PDT000148476.4_genomic,North_America,USA,Environment,Env_Built
GCA_016577605.1_PDT000148477.4_genomic,North_America,USA,Environment,Env_Built
GCA_016577545.1_PDT000148480.4_genomic,North_America,USA,Environment,Env_Built
GCA_016086815.1_PDT000148483.4_genomic,North_America,USA,Environment,Env_Built
GCA_016577505.1_PDT000148487.4_genomic,North_America,USA,Environment,Env_Built
GCA_016086775.1_PDT000148488.4_genomic,North_America,USA,Environment,Env_Built
GCA_016577305.1_PDT000148489.4_genomic,North_America,USA,Environment,Env_Built
GCA_016087175.1_PDT000148490.4_genomic,North_America,USA,Environment,Env_Built
GCA_016087125.1_PDT000148491.4_genomic,North_America,USA,Environment,Env_Built
GCA_001735605.1_ASM173560v1_genomic,North_America,USA,Clinical,Clin_Other
GCA_001922925.1_ASM192292v1_genomic,North_America,USA,Clinical,Clin_Other
GCA_001922945.1_ASM192294v1_genomic,North_America,USA,Clinical,Clin_Other
GCA_001971195.1_ASM197119v1_genomic,Europe,Netherlands,Clinical,Clin_Other
GCA_001971405.1_ASM197140v1_genomic,North_America,USA,Clinical,Clin_Blood+CSF
GCA_002071735.1_ASM207173v1_genomic,Europe,Switzerland,Environment,Env_FoodFacility
GCA_002071755.1_ASM207175v1_genomic,Europe,Switzerland,Environment,Env_FoodFacility
GCA_002071765.2_ASM207176v2_genomic,Europe,Switzerland,Environment,Env_FoodFacility
GCA_002071775.1_ASM207177v1_genomic,Europe,Switzerland,Environment,Env_FoodFacility
GCA_002071815.1_ASM207181v1_genomic,Europe,Switzerland,Environment,Env_FoodFacility
GCA_002075425.1_ASM207542v1_genomic,North_America,USA,Clinical,Clin_Other
GCA_002075435.1_ASM207543v1_genomic,North_America,USA,Clinical,Clin_Other
GCA_002075495.1_ASM207549v1_genomic,North_America,USA,Clinical,Clin_Other
GCA_002075505.1_ASM207550v1_genomic,North_America,USA,Clinical,Clin_Other
GCA_002075535.1_ASM207553v1_genomic,Europe,Switzerland,Environment,Env_FoodFacility
GCA_002075545.1_ASM207554v1_genomic,North_America,USA,Environment,Env_Built
GCA_002075575.1_ASM207557v1_genomic,Europe,Switzerland,Food,Food_Powdered
GCA_002075555.1_ASM207555v1_genomic,North_America,USA,Clinical,Clin_Other
GCA_002075615.1_ASM207561v1_genomic,Europe,Switzerland,Food,Food_Powdered
GCA_002075635.1_ASM207563v1_genomic,Europe,Switzerland,Environment,Env_FoodFacility
GCA_002075645.1_ASM207564v1_genomic,Europe,Switzerland,Environment,Env_FoodFacility
GCA_002075655.1_ASM207565v1_genomic,Europe,Switzerland,Food,Food_Powdered
GCA_002075695.1_ASM207569v1_genomic,Europe,Switzerland,Food,Food_Powdered
GCA_002075715.1_ASM207571v1_genomic,Europe,Switzerland,Environment,Env_FoodFacility
GCA_002075725.1_ASM207572v1_genomic,Europe,Switzerland,Environment,Env_FoodFacility
GCA_002075735.1_ASM207573v1_genomic,Europe,Switzerland,Environment,Env_FoodFacility
GCA_002093925.1_ASM209392v1_genomic,Asia,China,Clinical,Clin_Blood+CSF
GCA_002094435.1_ASM209443v1_genomic,Asia,China,Food,Food_Other
GCA_002094485.1_ASM209448v1_genomic,Asia,China,Food,Food_Other
GCA_002094475.1_ASM209447v1_genomic,Asia,China,Food,Food_Other
GCA_002094505.1_ASM209450v1_genomic,Asia,China,Food,Food_Other
GCA_002094555.1_ASM209455v1_genomic,Asia,China,Food,Food_Other
GCA_002094575.1_ASM209457v1_genomic,Asia,China,Food,Food_Other
GCA_002094585.1_ASM209458v1_genomic,Asia,China,Food,Food_Other
GCA_002094645.1_ASM209464v1_genomic,Asia,China,Food,Food_Other
GCA_002094725.1_ASM209472v1_genomic,Asia,China,Food,Food_Other
GCA_002094755.1_ASM209475v1_genomic,Asia,China,Food,Food_Other
GCA_002101415.1_ASM210141v1_genomic,Europe,Germany,Environment,Env_FoodFacility
GCA_002101425.1_ASM210142v1_genomic,Europe,Germany,Environment,Env_FoodFacility
GCA_002101435.1_ASM210143v1_genomic,Europe,Germany,Environment,Env_FoodFacility
GCA_002101505.1_ASM210150v1_genomic,Europe,Germany,Environment,Env_FoodFacility
GCA_002101515.1_ASM210151v1_genomic,Europe,Germany,Environment,Env_FoodFacility
GCA_002102535.1_ASM210253v1_genomic,North_America,USA,Clinical,Clin_Blood+CSF
GCA_002107645.1_ASM210764v1_genomic,North_America,USA,Food,Food_Other
GCA_002107665.1_ASM210766v1_genomic,North_America,USA,Clinical,Clin_Blood+CSF
GCA_002107755.1_ASM210775v1_genomic,North_America,USA,Food,Food_Other
GCA_002107775.1_ASM210777v1_genomic,North_America,USA,Clinical,Clin_Blood+CSF
GCA_002107815.1_ASM210781v1_genomic,North_America,USA,Clinical,Clin_Blood+CSF
GCA_002107825.1_ASM210782v1_genomic,Asia,Jordan,Food,Food_Dry
GCA_002107855.1_ASM210785v1_genomic,North_America,USA,Clinical,Clin_Other
GCA_002107865.1_ASM210786v1_genomic,North_America,USA,Clinical,Clin_Blood+CSF
GCA_002107895.1_ASM210789v1_genomic,North_America,USA,Food,Food_Powdered
GCA_002107915.1_ASM210791v1_genomic,North_America,USA,Clinical,Clin_Stool
GCA_002114505.1_ASM211450v1_genomic,North_America,USA,Environment,Env_Built
GCA_002114555.1_ASM211455v1_genomic,North_America,USA,Clinical,Clin_Other
GCA_002166885.1_ASM216688v1_genomic,Europe,Germany,Environment,Env_Natural
GCA_002166945.1_ASM216694v1_genomic,Europe,Switzerland,Environment,Env_FoodFacility
GCA_002199005.1_ASM219900v1_genomic,Europe,Germany,Environment,Env_FoodFacility
GCA_002199065.1_ASM219906v1_genomic,Europe,Germany,Environment,Env_FoodFacility
GCA_002199055.1_ASM219905v1_genomic,Europe,Germany,Environment,Env_FoodFacility
GCA_002199095.1_ASM219909v1_genomic,Europe,Germany,Environment,Env_FoodFacility
GCA_002199045.1_ASM219904v1_genomic,Europe,Germany,Environment,Env_FoodFacility
GCA_002532205.1_ASM253220v1_genomic,Asia,South Korea,Food,Food_Other
GCA_002532235.1_ASM253223v1_genomic,Asia,South Korea,Food,Food_Dry
GCA_002532275.1_ASM253227v1_genomic,Asia,South Korea,Food,Food_Dry
GCA_002532295.1_ASM253229v1_genomic,Asia,South Korea,Food,Food_Dry
GCA_002532315.1_ASM253231v1_genomic,Asia,South Korea,Food,Food_Dry
GCA_002532335.1_ASM253233v1_genomic,Asia,South Korea,Food,Food_Dry
GCA_002532355.1_ASM253235v1_genomic,Asia,South Korea,Food,Food_Dry
GCA_002532375.1_ASM253237v1_genomic,Asia,South Korea,Food,Food_Dry
GCA_002532395.1_ASM253239v1_genomic,Asia,South Korea,Food,Food_Dry
GCA_002532415.1_ASM253241v1_genomic,Asia,South Korea,Food,Food_Dry
GCA_002532435.1_ASM253243v1_genomic,Asia,South Korea,Food,Food_Dry
GCA_002532455.1_ASM253245v1_genomic,Asia,Jordan,Food,Food_Dry
GCA_002532485.1_ASM253248v1_genomic,Asia,Jordan,Food,Food_Dry
GCA_002532465.1_ASM253246v1_genomic,Asia,Jordan,Food,Food_Dry
GCA_002532545.1_ASM253254v1_genomic,Asia,Jordan,Food,Food_Powdered
GCA_002532525.1_ASM253252v1_genomic,Asia,Jordan,Food,Food_Other
GCA_023288705.1_PDT000266893.3_genomic,North_America,USA,Environment,Env_Built
GCA_016081555.2_PDT000277209.2_genomic,North_America,USA,Environment,Env_Built
GCA_016081575.2_PDT000277210.2_genomic,North_America,USA,Environment,Env_Built
GCA_016081535.2_PDT000277572.2_genomic,North_America,USA,Environment,Env_Built
GCA_002942065.1_ASM294206v1_genomic,North_America,USA,Food,Food_Powdered
GCA_002942105.1_ASM294210v1_genomic,North_America,USA,Food,Food_Powdered
GCA_002942075.1_ASM294207v1_genomic,Asia,India,Food,Food_Dry
GCA_002942115.1_ASM294211v1_genomic,North_America,USA,Food,Food_Powdered
GCA_002942145.1_ASM294214v1_genomic,North_America,USA,Food,Food_Powdered
GCA_002942185.1_ASM294218v1_genomic,North_America,USA,Food,Food_Dry
GCA_002942205.1_ASM294220v1_genomic,North_America,USA,Environment,Env_FoodFacility
GCA_002942225.1_ASM294222v1_genomic,North_America,USA,Food,Food_Other
GCA_002942245.1_ASM294224v1_genomic,North_America,USA,Food,Food_Dry
GCA_002942265.1_ASM294226v1_genomic,North_America,Puerto Rico,Food,Food_Dry
GCA_002942285.1_ASM294228v1_genomic,North_America,USA,Food,Food_Powdered
GCA_002942305.1_ASM294230v1_genomic,North_America,USA,Food,Food_Powdered
GCA_002942325.1_ASM294232v1_genomic,North_America,USA,Food,Food_Powdered
GCA_002942335.1_ASM294233v1_genomic,North_America,USA,Food,Food_Powdered
GCA_002942365.1_ASM294236v1_genomic,North_America,USA,Food,Food_Powdered
GCA_002942385.1_ASM294238v1_genomic,North_America,USA,Food,Food_Powdered
GCA_002942405.1_ASM294240v1_genomic,North_America,USA,Food,Food_Dry
GCA_002942415.1_ASM294241v1_genomic,North_America,USA,Food,Food_Dry
GCA_002974375.1_ASM297437v1_genomic,North_America,USA,Food,Food_Dry
GCA_002974395.1_ASM297439v1_genomic,Asia,Jordan,Food,Food_Dry
GCA_002974425.1_ASM297442v1_genomic,Asia,Jordan,Food,Food_Dry
GCA_002974415.1_ASM297441v1_genomic,Asia,Turkey,Food,Food_Dry
GCA_002974455.1_ASM297445v1_genomic,Asia,Jordan,Food,Food_Dry
GCA_002974475.1_ASM297447v1_genomic,Asia,Jordan,Food,Food_Dry
GCA_002974505.1_ASM297450v1_genomic,North_America,USA,Food,Food_Dry
GCA_002974535.1_ASM297453v1_genomic,Asia,Jordan,Food,Food_Dry
GCA_002974555.1_ASM297455v1_genomic,North_America,USA,Food,Food_Powdered
GCA_002974575.1_ASM297457v1_genomic,North_America,USA,Food,Food_Dry
GCA_002974595.1_ASM297459v1_genomic,North_America,USA,Food,Food_Powdered
GCA_002974615.1_ASM297461v1_genomic,North_America,USA,Food,Food_Powdered
GCA_002974635.1_ASM297463v1_genomic,North_America,USA,Food,Food_Powdered
GCA_002974645.1_ASM297464v1_genomic,North_America,USA,Food,Food_Powdered
GCA_002974675.1_ASM297467v1_genomic,North_America,USA,Food,Food_Powdered
GCA_002974695.1_ASM297469v1_genomic,North_America,USA,Food,Food_Powdered
GCA_002974715.1_ASM297471v1_genomic,North_America,USA,Food,Food_Dry
GCA_002974735.1_ASM297473v1_genomic,North_America,USA,Food,Food_Dry
GCA_002974755.1_ASM297475v1_genomic,North_America,USA,Food,Food_Dry
GCA_002974775.1_ASM297477v1_genomic,Asia,China,Food,Food_Powdered
GCA_002974795.1_ASM297479v1_genomic,North_America,USA,Food,Food_Powdered
GCA_002974805.1_ASM297480v1_genomic,North_America,USA,Food,Food_Dry
GCA_002974835.1_ASM297483v1_genomic,North_America,USA,Food,Food_Powdered
GCA_002974875.1_ASM297487v1_genomic,North_America,USA,Food,Food_Powdered
GCA_002974855.1_ASM297485v1_genomic,North_America,USA,Food,Food_Powdered
GCA_002974895.1_ASM297489v1_genomic,North_America,USA,Food,Food_Powdered
GCA_002974915.1_ASM297491v1_genomic,North_America,USA,Food,Food_Powdered
GCA_002974935.1_ASM297493v1_genomic,North_America,USA,Food,Food_Powdered
GCA_002974955.1_ASM297495v1_genomic,North_America,USA,Food,Food_Powdered
GCA_002974985.1_ASM297498v1_genomic,North_America,USA,Food,Food_Powdered
GCA_002974975.1_ASM297497v1_genomic,North_America,USA,Food,Food_Powdered
GCA_002975015.1_ASM297501v1_genomic,North_America,USA,Food,Food_Powdered
GCA_002975035.1_ASM297503v1_genomic,North_America,USA,Food,Food_Powdered
GCA_002975055.1_ASM297505v1_genomic,North_America,USA,Food,Food_Powdered
GCA_002975075.1_ASM297507v1_genomic,North_America,USA,Food,Food_Powdered
GCA_002975095.1_ASM297509v1_genomic,North_America,USA,Food,Food_Powdered
GCA_002975135.1_ASM297513v1_genomic,North_America,USA,Food,Food_Powdered
GCA_002976495.1_ASM297649v1_genomic,Asia,Jordan,Food,Food_Dry
GCA_002993175.1_ASM299317v1_genomic,Asia,Jordan,Food,Food_Dry
GCA_002993165.1_ASM299316v1_genomic,Asia,Jordan,Food,Food_Dry
GCA_002993205.1_ASM299320v1_genomic,North_America,USA,Food,Food_Powdered
GCA_002993215.1_ASM299321v1_genomic,North_America,USA,Food,Food_Powdered
GCA_002999875.1_ASM299987v1_genomic,North_America,USA,Food,Food_Dry
GCA_003177135.1_ASM317713v1_genomic,Asia,Jordan,Food,Food_Dry
GCA_003177165.1_ASM317716v1_genomic,North_America,USA,Food,Food_Powdered
GCA_003177155.1_ASM317715v1_genomic,North_America,USA,Food,Food_Powdered
GCA_016077575.1_PDT000332638.1_genomic,North_America,USA,Clinical,Clin_Blood+CSF
GCA_016077115.1_PDT000332639.1_genomic,North_America,USA,Clinical,Clin_Blood+CSF
GCA_016077485.1_PDT000332640.1_genomic,North_America,USA,Clinical,Clin_Stool
GCA_016076895.1_PDT000332651.1_genomic,North_America,USA,Clinical,Clin_Blood+CSF
GCA_016077415.1_PDT000332660.1_genomic,North_America,USA,Clinical,Clin_Other
GCA_016076915.1_PDT000337045.1_genomic,North_America,USA,Clinical,Clin_Other
GCA_016076775.1_PDT000337052.1_genomic,North_America,USA,Clinical,Clin_Other
GCA_016076735.1_PDT000337061.1_genomic,North_America,USA,Clinical,Clin_Blood+CSF
GCA_016076435.1_PDT000337072.1_genomic,North_America,USA,Environment,Env_FoodFacility
GCA_016076595.1_PDT000337073.1_genomic,North_America,USA,Clinical,Clin_Stool
GCA_016076455.1_PDT000337074.1_genomic,North_America,USA,Clinical,Clin_Stool
GCA_016075955.1_PDT000337075.1_genomic,North_America,USA,Food,Food_Powdered
GCA_016076565.1_PDT000337076.1_genomic,North_America,USA,Food,Food_Other
GCA_016076315.1_PDT000337077.1_genomic,North_America,USA,Clinical,Clin_Blood+CSF
GCA_016076265.1_PDT000337078.1_genomic,North_America,USA,Food,Food_Powdered
GCA_003313525.1_ASM331352v1_genomic,North_America,USA,Food,Food_Other
GCA_003858335.1_ASM385833v1_genomic,Asia,China,Clinical,Clin_Other
GCA_016070915.1_PDT000533605.1_genomic,North_America,Canada,Food,Food_Powdered
GCA_016576445.1_PDT000533625.1_genomic,North_America,Canada,Food,Food_Powdered
GCA_016070295.1_PDT000533633.1_genomic,North_America,Canada,Food,Food_Powdered
GCA_016071075.1_PDT000533638.1_genomic,North_America,Canada,Food,Food_Powdered
GCA_016070955.1_PDT000533641.1_genomic,North_America,Canada,Food,Food_Powdered
GCA_016070875.1_PDT000533645.1_genomic,North_America,Canada,Food,Food_Powdered
GCA_006861625.1_ASM686162v1_genomic,Europe,Austria,Food,Food_Other
GCA_006861635.1_ASM686163v1_genomic,Europe,Austria,Food,Food_Powdered
GCA_007845755.1_ASM784575v1_genomic,North_America,USA,Clinical,Clin_Other
GCA_008119835.1_ASM811983v1_genomic,Asia,Israel,Food,Food_Powdered
GCA_008805125.1_ASM880512v1_genomic,Europe,Ireland,Environment,Env_FoodFacility
GCA_008805135.1_ASM880513v1_genomic,Europe,Ireland,Environment,Env_FoodFacility
GCA_008805115.1_ASM880511v1_genomic,Europe,Ireland,Environment,Env_FoodFacility
GCA_008805175.1_ASM880517v1_genomic,Europe,Ireland,Environment,Env_FoodFacility
GCA_008805255.1_ASM880525v1_genomic,North_America,USA,Environment,Env_Built
GCA_008805275.1_ASM880527v1_genomic,North_America,USA,Environment,Env_Built
GCA_008805295.1_ASM880529v1_genomic,North_America,USA,Environment,Env_Built
GCA_008805315.1_ASM880531v1_genomic,North_America,USA,Environment,Env_FoodFacility
GCA_008805355.1_ASM880535v1_genomic,North_America,USA,Environment,Env_FoodFacility
GCA_008805335.1_ASM880533v1_genomic,North_America,USA,Environment,Env_FoodFacility
GCA_008805375.1_ASM880537v1_genomic,North_America,USA,Environment,Env_FoodFacility
GCA_008805395.1_ASM880539v1_genomic,North_America,USA,Environment,Env_FoodFacility
GCA_008805415.1_ASM880541v1_genomic,North_America,USA,Environment,Env_FoodFacility
GCA_008805435.1_ASM880543v1_genomic,North_America,USA,Environment,Env_FoodFacility
GCA_008805465.1_ASM880546v1_genomic,Europe,Germany,Environment,Env_FoodFacility
GCA_008805455.1_ASM880545v1_genomic,North_America,USA,Environment,Env_FoodFacility
GCA_008805495.1_ASM880549v1_genomic,North_America,USA,Environment,Env_FoodFacility
GCA_008805525.1_ASM880552v1_genomic,Europe,Germany,Environment,Env_FoodFacility
GCA_008805555.1_ASM880555v1_genomic,Europe,Germany,Environment,Env_FoodFacility
GCA_008805575.1_ASM880557v1_genomic,Europe,Germany,Environment,Env_FoodFacility
GCA_008805595.1_ASM880559v1_genomic,Europe,Germany,Environment,Env_FoodFacility
GCA_008805615.1_ASM880561v1_genomic,Europe,Germany,Environment,Env_FoodFacility
GCA_008805635.1_ASM880563v1_genomic,Europe,Germany,Environment,Env_FoodFacility
GCA_008805655.1_ASM880565v1_genomic,Europe,Germany,Environment,Env_FoodFacility
GCA_008805675.1_ASM880567v1_genomic,Europe,Germany,Environment,Env_FoodFacility
GCA_008805695.1_ASM880569v1_genomic,Europe,Germany,Environment,Env_FoodFacility
GCA_008805715.1_ASM880571v1_genomic,Europe,Germany,Environment,Env_FoodFacility
GCA_008805735.1_ASM880573v1_genomic,Europe,Germany,Environment,Env_FoodFacility
GCA_008805755.1_ASM880575v1_genomic,Europe,Germany,Environment,Env_FoodFacility
GCA_008805775.1_ASM880577v1_genomic,Europe,Germany,Environment,Env_FoodFacility
GCA_008805795.1_ASM880579v1_genomic,Europe,Germany,Environment,Env_FoodFacility
GCA_008805835.1_ASM880583v1_genomic,Europe,Germany,Environment,Env_FoodFacility
GCA_008805855.1_ASM880585v1_genomic,Europe,Germany,Environment,Env_FoodFacility
GCA_008805875.1_ASM880587v1_genomic,Europe,Germany,Environment,Env_FoodFacility
GCA_008805895.1_ASM880589v1_genomic,Europe,Germany,Environment,Env_FoodFacility
GCA_008805915.1_ASM880591v1_genomic,Europe,Germany,Environment,Env_FoodFacility
GCA_008805935.1_ASM880593v1_genomic,Europe,Germany,Environment,Env_FoodFacility
GCA_008805955.1_ASM880595v1_genomic,Europe,Germany,Environment,Env_FoodFacility
GCA_008805975.1_ASM880597v1_genomic,Europe,Germany,Environment,Env_FoodFacility
GCA_008805995.1_ASM880599v1_genomic,Europe,Germany,Environment,Env_FoodFacility
GCA_008806035.1_ASM880603v1_genomic,Europe,Germany,Environment,Env_FoodFacility
GCA_008806055.1_ASM880605v1_genomic,Europe,Germany,Environment,Env_FoodFacility
GCA_008806075.1_ASM880607v1_genomic,Europe,Germany,Environment,Env_FoodFacility
GCA_008806095.1_ASM880609v1_genomic,Europe,Germany,Environment,Env_FoodFacility
GCA_008806115.1_ASM880611v1_genomic,Europe,Germany,Environment,Env_FoodFacility
GCA_008830285.1_ASM883028v1_genomic,Asia,South Korea,Food,Food_Powdered
GCA_008830265.1_ASM883026v1_genomic,Asia,South Korea,Food,Food_Dry
GCA_008830345.1_ASM883034v1_genomic,North_America,USA,Food,Food_Powdered
GCA_008830395.1_ASM883039v1_genomic,North_America,USA,Food,Food_Powdered
GCA_008922025.1_ASM892202v1_genomic,North_America,USA,Food,Food_Powdered
GCA_009938455.1_ASM993845v1_genomic,Asia,China,Clinical,Clin_Stool
GCA_009938585.1_ASM993858v1_genomic,Asia,China,Environment,Env_Natural
GCA_011605455.1_ASM1160545v1_genomic,Asia,China,Food,Food_Powdered
GCA_011605485.1_ASM1160548v1_genomic,Asia,China,Food,Food_Powdered
GCA_011605495.1_ASM1160549v1_genomic,Asia,China,Food,Food_Powdered
GCA_011605525.1_ASM1160552v1_genomic,Asia,China,Food,Food_Powdered
GCA_011605555.1_ASM1160555v1_genomic,Asia,China,Food,Food_Powdered
GCA_011605585.1_ASM1160558v1_genomic,Asia,China,Food,Food_Powdered
GCA_011605595.1_ASM1160559v1_genomic,Asia,China,Food,Food_Powdered
GCA_011605645.1_ASM1160564v1_genomic,Asia,China,Food,Food_Powdered
GCA_003516125.3_ASM351612v3_genomic,North_America,Mexico,Clinical,Clin_Stool
GCA_013186045.1_ASM1318604v1_genomic,Asia,China,Environment,Env_Built
GCA_013186055.1_ASM1318605v1_genomic,Asia,China,Food,Food_Other
GCA_013186105.1_ASM1318610v1_genomic,Asia,China,Food,Food_Powdered
GCA_013186115.1_ASM1318611v1_genomic,Asia,China,Food,Food_Other
GCA_013186145.1_ASM1318614v1_genomic,Asia,China,Food,Food_Powdered
GCA_013186165.1_ASM1318616v1_genomic,Asia,China,Food,Food_Powdered
GCA_013186185.1_ASM1318618v1_genomic,Asia,China,Food,Food_Powdered
GCA_013186195.1_ASM1318619v1_genomic,Asia,China,Environment,Env_Built
GCA_013186205.1_ASM1318620v1_genomic,Asia,China,Food,Food_Powdered
GCA_013186255.1_ASM1318625v1_genomic,Asia,China,Food,Food_Other
GCA_013186285.1_ASM1318628v1_genomic,Asia,China,Food,Food_Powdered
GCA_013186295.1_ASM1318629v1_genomic,Asia,China,Food,Food_Powdered
GCA_013186325.1_ASM1318632v1_genomic,Asia,China,Food,Food_Powdered
GCA_013363955.1_ASM1336395v1_genomic,Asia,Israel,Food,Food_Powdered
GCA_013421565.1_ASM1342156v1_genomic,Asia,China,Clinical,Clin_Stool
GCA_013425995.1_ASM1342599v1_genomic,Europe,Poland,Clinical,Clin_Blood+CSF
GCA_015929525.1_PDT000806073.1_genomic,North_America,USA,Food,Food_Powdered
GCA_015350575.1_ASM1535057v1_genomic,Europe,Germany,Environment,Env_FoodFacility
GCA_015350595.1_ASM1535059v1_genomic,Europe,Germany,Environment,Env_FoodFacility
GCA_015350625.1_ASM1535062v1_genomic,Europe,Germany,Environment,Env_FoodFacility
GCA_015350665.1_ASM1535066v1_genomic,Europe,Germany,Environment,Env_FoodFacility
GCA_015351615.1_ASM1535161v1_genomic,Europe,Germany,Environment,Env_FoodFacility
GCA_015352375.1_ASM1535237v1_genomic,Europe,Germany,Environment,Env_FoodFacility
GCA_015353215.1_ASM1535321v1_genomic,Europe,Germany,Environment,Env_FoodFacility
GCA_015353235.1_ASM1535323v1_genomic,Europe,Germany,Environment,Env_FoodFacility
GCA_015353275.1_ASM1535327v1_genomic,Europe,Germany,Environment,Env_FoodFacility
GCA_015353295.1_ASM1535329v1_genomic,Europe,Germany,Environment,Env_FoodFacility
GCA_015353335.1_ASM1535333v1_genomic,Europe,Germany,Environment,Env_FoodFacility
GCA_015353355.1_ASM1535335v1_genomic,Europe,Germany,Environment,Env_FoodFacility
GCA_015353395.1_ASM1535339v1_genomic,Europe,Germany,Environment,Env_FoodFacility
GCA_015353455.1_ASM1535345v1_genomic,Europe,Germany,Environment,Env_FoodFacility
GCA_015353515.1_ASM1535351v1_genomic,Europe,Germany,Environment,Env_FoodFacility
GCA_015353575.1_ASM1535357v1_genomic,Europe,Germany,Environment,Env_FoodFacility
GCA_015353595.1_ASM1535359v1_genomic,Europe,Germany,Environment,Env_FoodFacility
GCA_015353615.1_ASM1535361v1_genomic,Europe,Germany,Environment,Env_FoodFacility
GCA_015353635.1_ASM1535363v1_genomic,Europe,Germany,Environment,Env_FoodFacility
GCA_015353675.1_ASM1535367v1_genomic,Europe,Germany,Environment,Env_FoodFacility
GCA_015353695.1_ASM1535369v1_genomic,Europe,Germany,Environment,Env_FoodFacility
GCA_015353715.1_ASM1535371v1_genomic,Europe,Germany,Environment,Env_FoodFacility
GCA_015353735.1_ASM1535373v1_genomic,Europe,Germany,Environment,Env_FoodFacility
GCA_015353755.1_ASM1535375v1_genomic,Europe,Germany,Environment,Env_FoodFacility
GCA_015353795.1_ASM1535379v1_genomic,Europe,Germany,Environment,Env_FoodFacility
GCA_015353815.1_ASM1535381v1_genomic,Europe,Germany,Environment,Env_FoodFacility
GCA_015353835.1_ASM1535383v1_genomic,Europe,Germany,Environment,Env_FoodFacility
GCA_015353855.1_ASM1535385v1_genomic,Europe,Germany,Environment,Env_FoodFacility
GCA_015353875.1_ASM1535387v1_genomic,Europe,Germany,Environment,Env_FoodFacility
GCA_015353895.1_ASM1535389v1_genomic,Europe,Germany,Environment,Env_FoodFacility
GCA_015353915.1_ASM1535391v1_genomic,Europe,Germany,Environment,Env_FoodFacility
GCA_015353925.1_ASM1535392v1_genomic,Europe,Germany,Environment,Env_FoodFacility
GCA_015353955.1_ASM1535395v1_genomic,Europe,Germany,Environment,Env_FoodFacility
GCA_015353975.1_ASM1535397v1_genomic,Europe,Germany,Environment,Env_FoodFacility
GCA_015354015.1_ASM1535401v1_genomic,Europe,Germany,Environment,Env_FoodFacility
GCA_016620365.1_ASM1662036v1_genomic,North_America,USA,Food,Food_Other
GCA_017844935.1_ASM1784493v1_genomic,Asia,China,Environment,Env_Natural
GCA_017844945.1_ASM1784494v1_genomic,Asia,China,Environment,Env_Natural
GCA_017844975.1_ASM1784497v1_genomic,Asia,China,Environment,Env_Natural
GCA_017844985.1_ASM1784498v1_genomic,Asia,China,Environment,Env_Natural
GCA_017845015.1_ASM1784501v1_genomic,Asia,China,Environment,Env_Natural
GCA_017845035.1_ASM1784503v1_genomic,Asia,China,Environment,Env_Natural
GCA_017845055.1_ASM1784505v1_genomic,Asia,China,Food,Food_Powdered
GCA_017845075.1_ASM1784507v1_genomic,Asia,China,Food,Food_Powdered
GCA_017845095.1_ASM1784509v1_genomic,Asia,China,Environment,Env_Natural
GCA_017845115.1_ASM1784511v1_genomic,Asia,China,Environment,Env_Natural
GCA_017845175.1_ASM1784517v1_genomic,Asia,China,Environment,Env_Built
GCA_017845235.1_ASM1784523v1_genomic,Asia,China,Environment,Env_Natural
GCA_017845275.1_ASM1784527v1_genomic,Asia,China,Environment,Env_Natural
GCA_017845295.1_ASM1784529v1_genomic,Asia,China,Environment,Env_Built
GCA_017845305.1_ASM1784530v1_genomic,Asia,China,Environment,Env_Built
GCA_018348455.1_ASM1834845v1_genomic,South_America,Chile,Food,Food_Powdered
GCA_018884105.1_ASM1888410v1_genomic,North_America,Mexico,Food,Food_Other
GCA_018884125.1_ASM1888412v1_genomic,North_America,Mexico,Food,Food_Other
GCA_022358415.1_PDT001252486.1_genomic,North_America,USA,Environment,Env_Built
GCA_022362135.1_PDT001252487.1_genomic,North_America,USA,Environment,Env_Built
GCA_022359575.1_PDT001252492.1_genomic,North_America,USA,Environment,Env_Built
GCA_022605365.1_PDT001268187.1_genomic,North_America,USA,Food,Food_Powdered
GCA_022679025.1_PDT001274344.1_genomic,North_America,USA,Environment,Env_Built
GCA_022956995.1_PDT001275795.1_genomic,North_America,USA,Environment,Env_Built
GCA_022880875.1_PDT001280646.1_genomic,North_America,USA,Food,Food_Powdered
GCA_022880645.1_PDT001280651.1_genomic,North_America,USA,Food,Food_Powdered
GCA_023239105.1_PDT001298449.1_genomic,North_America,USA,Food,Food_Other
GCA_023239145.1_PDT001298451.1_genomic,North_America,USA,Food,Food_Other
GCA_023805435.1_ASM2380543v1_genomic,Asia,China,Food,Food_Powdered
GCA_024612355.1_PDT001379051.1_genomic,North_America,USA,Environment,Env_Built
GCA_024732025.1_PDT001379053.1_genomic,North_America,USA,Environment,Env_Built
GCA_024731965.1_PDT001379055.1_genomic,North_America,USA,Environment,Env_Built
GCA_024823275.1_PDT001400389.1_genomic,North_America,USA,Food,Food_Other
GCA_024856105.1_PDT001407597.1_genomic,North_America,USA,Environment,Env_Built
GCA_024856165.1_PDT001407612.1_genomic,North_America,USA,Environment,Env_Built
GCA_025103325.1_PDT001412178.1_genomic,North_America,USA,Environment,Env_Built
GCA_025200595.1_ASM2520059v1_genomic,North_America,USA,Environment,Env_FoodFacility
GCA_025369215.1_PDT001428097.1_genomic,North_America,USA,Environment,Env_Built
GCA_025692505.1_PDT001453003.1_genomic,North_America,USA,Environment,Env_Built
GCA_025692785.1_PDT001453008.1_genomic,North_America,USA,Environment,Env_Built
GCA_025692345.1_PDT001453009.1_genomic,North_America,USA,Environment,Env_Built
GCA_025810515.1_PDT001463057.1_genomic,North_America,USA,Environment,Env_Built
GCA_025809975.1_PDT001463087.1_genomic,North_America,USA,Environment,Env_Built
GCA_025809895.1_PDT001463091.1_genomic,North_America,USA,Environment,Env_Built
GCA_025857155.1_PDT001465823.1_genomic,North_America,USA,Environment,Env_Built
GCA_026105815.1_PDT001482087.1_genomic,North_America,USA,Environment,Env_Built
GCA_027277105.1_ASM2727710v1_genomic,Europe,Switzerland,Food,Food_Powdered
GCA_027277125.1_ASM2727712v1_genomic,Europe,Switzerland,Food,Food_Powdered
GCA_027277175.1_ASM2727717v1_genomic,Europe,Switzerland,Food,Food_Powdered
GCA_027277165.1_ASM2727716v1_genomic,Europe,Switzerland,Food,Food_Powdered
GCA_027277185.1_ASM2727718v1_genomic,Europe,Switzerland,Food,Food_Powdered
GCA_027277225.1_ASM2727722v1_genomic,Europe,Switzerland,Food,Food_Powdered
GCA_027277245.1_ASM2727724v1_genomic,Europe,Switzerland,Food,Food_Powdered
GCA_028152245.1_PDT001590629.1_genomic,North_America,USA,Environment,Env_Built
GCA_028152055.1_PDT001590635.1_genomic,North_America,USA,Environment,Env_Built
GCA_028152035.1_PDT001590636.1_genomic,North_America,USA,Environment,Env_Built
GCA_028152005.1_PDT001590637.1_genomic,North_America,USA,Environment,Env_Built
GCA_028151925.1_PDT001590642.1_genomic,North_America,USA,Environment,Env_Built
GCA_028154125.1_PDT001590643.1_genomic,North_America,USA,Environment,Env_Built
GCA_028154105.1_PDT001590645.1_genomic,North_America,USA,Environment,Env_Built
GCA_028171585.1_PDT001590994.1_genomic,North_America,USA,Environment,Env_Built
GCA_028171525.1_PDT001590995.1_genomic,North_America,USA,Environment,Env_Built
GCA_028171705.1_PDT001590996.1_genomic,North_America,USA,Environment,Env_Built
GCA_028171745.1_PDT001590997.1_genomic,North_America,USA,Environment,Env_Built
GCA_028216335.1_PDT001594969.1_genomic,North_America,USA,Environment,Env_Built
GCA_028216255.1_PDT001594973.1_genomic,North_America,USA,Environment,Env_Built
GCA_028216175.1_PDT001594977.1_genomic,North_America,USA,Environment,Env_Built
GCA_028216155.1_PDT001594978.1_genomic,North_America,USA,Environment,Env_Built
GCA_028216135.1_PDT001594981.1_genomic,North_America,USA,Environment,Env_Built
GCA_028629045.1_PDT001615623.1_genomic,North_America,USA,Environment,Env_Built
GCA_028643835.1_PDT001616459.1_genomic,North_America,USA,Environment,Env_Built
GCA_029442175.1_PDT001671254.1_genomic,North_America,USA,Environment,Env_Built
GCA_029470065.1_PDT001674730.1_genomic,North_America,USA,Food,Food_Powdered
GCA_029601775.1_PDT001680364.1_genomic,North_America,USA,Environment,Env_Built
GCA_029602875.1_PDT001680367.1_genomic,North_America,USA,Environment,Env_Built
GCA_029602555.1_PDT001680370.1_genomic,North_America,USA,Environment,Env_Built
GCA_029602815.1_PDT001680374.1_genomic,North_America,USA,Environment,Env_Built
GCA_030055255.1_MOD1_GK1520_genomic,Europe,Germany,Environment,Env_FoodFacility
GCA_030055275.1_MOD1_GK1575_genomic,Europe,Germany,Environment,Env_FoodFacility
GCA_030055295.1_MOD1_GK1576_genomic,Europe,Germany,Environment,Env_FoodFacility
GCA_030055335.1_MOD1_GK1350_genomic,Europe,Germany,Environment,Env_FoodFacility
GCA_030055385.1_MOD1_GK1351_genomic,Europe,Germany,Environment,Env_FoodFacility
GCA_030123785.1_ASM3012378v1_genomic,North_America,USA,Clinical,Clin_Other
GCA_030123825.1_ASM3012382v1_genomic,North_America,USA,Clinical,Clin_Blood+CSF
GCA_030123845.1_ASM3012384v1_genomic,North_America,USA,Clinical,Clin_Stool
GCA_030123945.1_ASM3012394v1_genomic,North_America,USA,Clinical,Clin_Other
GCA_030721565.1_PDT001764576.1_genomic,North_America,USA,Environment,Env_Built
GCA_030736715.1_PDT001850977.1_genomic,North_America,USA,Environment,Env_Built
GCA_030736695.1_PDT001850979.1_genomic,North_America,USA,Environment,Env_Built
GCA_030736635.1_PDT001850988.1_genomic,North_America,USA,Environment,Env_Built
GCA_030736615.1_PDT001851007.1_genomic,North_America,USA,Environment,Env_Built
GCA_030736415.1_PDT001851025.1_genomic,North_America,USA,Environment,Env_Built
GCA_030736335.1_PDT001851029.1_genomic,North_America,USA,Environment,Env_Built
GCA_030736315.1_PDT001851033.1_genomic,North_America,USA,Environment,Env_Built
GCA_030736295.1_PDT001851034.1_genomic,North_America,USA,Environment,Env_Built
GCA_030761525.1_PDT001851041.1_genomic,North_America,USA,Environment,Env_Built
GCA_030736195.1_PDT001851066.1_genomic,North_America,USA,Environment,Env_Built
GCA_030736215.1_PDT001851067.1_genomic,North_America,USA,Environment,Env_Built
GCA_030736035.1_PDT001851077.1_genomic,North_America,USA,Environment,Env_Built
GCA_030735915.1_PDT001851088.1_genomic,North_America,USA,Environment,Env_Built
GCA_030846845.1_ASM3084684v1_genomic,Europe,Switzerland,Environment,Env_FoodFacility
GCA_030846865.1_ASM3084686v1_genomic,Europe,Switzerland,Environment,Env_FoodFacility
GCA_030846885.1_ASM3084688v1_genomic,Europe,Switzerland,Environment,Env_FoodFacility
GCA_030846925.1_ASM3084692v1_genomic,Europe,Switzerland,Environment,Env_FoodFacility
GCA_030846945.1_ASM3084694v1_genomic,Europe,Switzerland,Environment,Env_FoodFacility
GCA_030846965.1_ASM3084696v1_genomic,Europe,Switzerland,Environment,Env_FoodFacility
GCA_030846985.1_ASM3084698v1_genomic,Europe,Switzerland,Environment,Env_FoodFacility
GCA_030847005.1_ASM3084700v1_genomic,Europe,Switzerland,Environment,Env_FoodFacility
GCA_030847025.1_ASM3084702v1_genomic,Europe,Switzerland,Environment,Env_FoodFacility
GCA_030847045.1_ASM3084704v1_genomic,Europe,Switzerland,Environment,Env_FoodFacility
GCA_030847075.1_ASM3084707v1_genomic,Europe,Switzerland,Environment,Env_FoodFacility
GCA_030847055.1_ASM3084705v1_genomic,Europe,Switzerland,Environment,Env_FoodFacility
GCA_030847105.1_ASM3084710v1_genomic,Europe,Switzerland,Environment,Env_FoodFacility
GCA_030847125.1_ASM3084712v1_genomic,Europe,Switzerland,Environment,Env_FoodFacility
GCA_030847155.1_ASM3084715v1_genomic,Europe,Switzerland,Environment,Env_FoodFacility
GCA_030847145.1_ASM3084714v1_genomic,Europe,Switzerland,Environment,Env_FoodFacility
GCA_030847185.1_ASM3084718v1_genomic,Europe,Switzerland,Environment,Env_FoodFacility
GCA_030847215.1_ASM3084721v1_genomic,Europe,Switzerland,Environment,Env_FoodFacility
GCA_031104225.1_PDT001872536.1_genomic,North_America,USA,Environment,Env_Natural
GCA_031190185.1_ASM3119018v1_genomic,Asia,China,Food,Food_Other
GCA_031190175.1_ASM3119017v1_genomic,Asia,China,Food,Food_Other
GCA_031190315.1_ASM3119031v1_genomic,Asia,China,Food,Food_Other
GCA_031190475.1_ASM3119047v1_genomic,Asia,China,Food,Food_Other
GCA_031190525.1_ASM3119052v1_genomic,Asia,China,Food,Food_Other
GCA_031213335.1_ASM3121333v1_genomic,Asia,China,Clinical,Clin_Other
GCA_032025785.1_ASM3202578v1_genomic,Asia,China,Environment,Env_Built
GCA_032025845.1_ASM3202584v1_genomic,Asia,China,Food,Food_Other
GCA_032025905.1_ASM3202590v1_genomic,Asia,China,Food,Food_Other
GCA_032025965.1_ASM3202596v1_genomic,Asia,China,Environment,Env_Built
GCA_032025985.1_ASM3202598v1_genomic,Asia,China,Clinical,Clin_Stool
GCA_032026005.1_ASM3202600v1_genomic,Asia,China,Food,Food_Other
GCA_032026085.1_ASM3202608v1_genomic,Asia,China,Food,Food_Other
GCA_032026125.1_ASM3202612v1_genomic,Asia,China,Food,Food_Other
GCA_032026185.1_ASM3202618v1_genomic,Asia,China,Environment,Env_Built
GCA_032026225.1_ASM3202622v1_genomic,Asia,China,Environment,Env_Built
GCA_032026325.1_ASM3202632v1_genomic,Asia,China,Environment,Env_Built
GCA_032026345.1_ASM3202634v1_genomic,Asia,China,Clinical,Clin_Stool
GCA_032026425.1_ASM3202642v1_genomic,Asia,China,Food,Food_Other
GCA_032026485.1_ASM3202648v1_genomic,Asia,China,Food,Food_Other
GCA_032026525.1_ASM3202652v1_genomic,Asia,China,Food,Food_Other
GCA_032026585.1_ASM3202658v1_genomic,Asia,China,Environment,Env_Built
GCA_032026625.1_ASM3202662v1_genomic,Asia,China,Environment,Env_Built
GCA_032026645.1_ASM3202664v1_genomic,Asia,China,Environment,Env_Built
GCA_032026765.1_ASM3202676v1_genomic,Asia,China,Food,Food_Other
GCA_032026785.1_ASM3202678v1_genomic,Asia,China,Clinical,Clin_Stool
GCA_032026805.1_ASM3202680v1_genomic,Asia,China,Food,Food_Other
GCA_032026845.1_ASM3202684v1_genomic,Asia,China,Food,Food_Other
GCA_032026885.1_ASM3202688v1_genomic,Asia,China,Environment,Env_Built
GCA_032026905.1_ASM3202690v1_genomic,Asia,China,Environment,Env_Built
GCA_032856305.1_PDT001946648.1_genomic,North_America,USA,Environment,Env_Built
GCA_032829975.1_PDT001946651.1_genomic,North_America,USA,Environment,Env_Built
GCA_032856075.1_PDT001946671.1_genomic,North_America,USA,Environment,Env_Built
GCA_032856065.1_PDT001946672.1_genomic,North_America,USA,Environment,Env_Built
GCA_032856045.1_PDT001946673.1_genomic,North_America,USA,Environment,Env_Built
GCA_032856005.1_PDT001946675.1_genomic,North_America,USA,Environment,Env_Built
GCA_032855905.1_PDT001946680.1_genomic,North_America,USA,Environment,Env_Built
GCA_032855865.1_PDT001946683.1_genomic,North_America,USA,Environment,Env_Built
GCA_032855785.1_PDT001946684.1_genomic,North_America,USA,Environment,Env_Built
GCA_032855765.1_PDT001946686.1_genomic,North_America,USA,Environment,Env_Built
GCA_032855815.1_PDT001946687.1_genomic,North_America,USA,Environment,Env_Built
GCA_032855745.1_PDT001946688.1_genomic,North_America,USA,Environment,Env_Built
GCA_032855725.1_PDT001946689.1_genomic,North_America,USA,Environment,Env_Built
GCA_032855675.1_PDT001946692.1_genomic,North_America,USA,Environment,Env_Built
GCA_032855645.1_PDT001946693.1_genomic,North_America,USA,Environment,Env_Built
GCA_032855505.1_PDT001946724.1_genomic,North_America,USA,Environment,Env_Built
GCA_032855165.1_PDT001946743.1_genomic,North_America,USA,Environment,Env_Built
GCA_032855105.1_PDT001946747.1_genomic,North_America,USA,Environment,Env_Built
GCA_032855025.1_PDT001946751.1_genomic,North_America,USA,Environment,Env_Built
GCA_032855005.1_PDT001946752.1_genomic,North_America,USA,Environment,Env_Built
GCA_032854965.1_PDT001946755.1_genomic,North_America,USA,Environment,Env_Built
GCA_033053585.1_ASM3305358v1_genomic,Europe,Ireland,Environment,Env_FoodFacility
GCA_033053605.1_ASM3305360v1_genomic,Europe,Ireland,Environment,Env_FoodFacility
GCA_033053595.1_ASM3305359v1_genomic,Europe,Ireland,Environment,Env_FoodFacility
GCA_033053835.1_ASM3305383v1_genomic,Europe,Ireland,Environment,Env_FoodFacility
GCA_033053815.1_ASM3305381v1_genomic,Europe,Ireland,Environment,Env_FoodFacility
GCA_033053885.1_ASM3305388v1_genomic,Europe,Ireland,Environment,Env_FoodFacility
GCA_033053905.1_ASM3305390v1_genomic,Europe,Ireland,Environment,Env_FoodFacility
GCA_033053985.1_ASM3305398v1_genomic,Europe,Ireland,Environment,Env_FoodFacility
GCA_033054025.1_ASM3305402v1_genomic,Europe,Ireland,Environment,Env_FoodFacility
GCA_033054045.1_ASM3305404v1_genomic,Europe,Ireland,Environment,Env_FoodFacility
GCA_033054075.1_ASM3305407v1_genomic,Europe,Ireland,Environment,Env_FoodFacility
GCA_033054135.1_ASM3305413v1_genomic,Europe,Ireland,Environment,Env_FoodFacility
GCA_033054105.1_ASM3305410v1_genomic,Europe,Ireland,Environment,Env_FoodFacility
GCA_033054225.1_ASM3305422v1_genomic,Europe,Ireland,Environment,Env_FoodFacility
GCA_033054235.1_ASM3305423v1_genomic,Europe,Netherlands,Food,Food_Powdered
GCA_033445125.1_PDT001974185.1_genomic,North_America,USA,Environment,Env_Built
GCA_033445225.1_PDT001974190.1_genomic,North_America,USA,Environment,Env_Built
GCA_033795295.1_ASM3379529v1_genomic,Asia,China,Food,Food_Other
GCA_033798465.1_ASM3379846v1_genomic,Asia,China,Food,Food_Other
GCA_033798485.1_ASM3379848v1_genomic,Asia,China,Food,Food_Other
GCA_033798505.1_ASM3379850v1_genomic,Asia,China,Food,Food_Powdered
GCA_033896545.1_PDT001995369.1_genomic,North_America,USA,Environment,Env_Built
GCA_033896495.1_PDT001995370.1_genomic,North_America,USA,Food,Food_Other
GCA_033896485.1_PDT001995372.1_genomic,North_America,USA,Environment,Env_FoodFacility
GCA_033897225.1_PDT001995373.1_genomic,North_America,USA,Food,Food_Other
GCA_033896445.1_PDT001995374.1_genomic,North_America,USA,Environment,Env_Built
GCA_033896465.1_PDT001995375.1_genomic,North_America,USA,Environment,Env_Built
GCA_033896425.1_PDT001995380.1_genomic,North_America,USA,Food,Food_Dry
GCA_033897645.1_PDT001995381.1_genomic,North_America,USA,Food,Food_Other
GCA_033897665.1_PDT001995382.1_genomic,North_America,USA,Food,Food_Dry
GCA_033896325.1_PDT001995392.1_genomic,North_America,USA,Environment,Env_Built
GCA_033897545.1_PDT001995397.1_genomic,North_America,USA,Environment,Env_FoodFacility
GCA_033897105.1_PDT001995398.1_genomic,North_America,USA,Environment,Env_Built
GCA_033897045.1_PDT001995405.1_genomic,North_America,USA,Environment,Env_Built
GCA_033896985.1_PDT001995408.1_genomic,North_America,USA,Food,Food_Other
GCA_033896205.1_PDT001995409.1_genomic,North_America,USA,Food,Food_Other
GCA_033897505.1_PDT001995412.1_genomic,North_America,USA,Food,Food_Dry
GCA_033896965.1_PDT001995413.1_genomic,North_America,USA,Environment,Env_Built
GCA_033896165.1_PDT001995414.1_genomic,North_America,USA,Food,Food_Other
GCA_033896925.1_PDT001995415.1_genomic,North_America,USA,Food,Food_Dry
GCA_033896945.1_PDT001995417.1_genomic,North_America,USA,Food,Food_Dry
GCA_033896045.1_PDT001995419.1_genomic,North_America,USA,Food,Food_Other
GCA_033896865.1_PDT001995420.1_genomic,North_America,USA,Food,Food_Dry
GCA_033896825.1_PDT001995422.1_genomic,North_America,USA,Food,Food_Other
GCA_033896125.1_PDT001995423.1_genomic,North_America,USA,Food,Food_Dry
GCA_033896085.1_PDT001995424.1_genomic,North_America,USA,Food,Food_Dry
GCA_033897465.1_PDT001995425.1_genomic,North_America,USA,Food,Food_Dry
GCA_033897395.1_PDT001995428.1_genomic,North_America,USA,Food,Food_Dry
GCA_033896105.1_PDT001995429.1_genomic,North_America,USA,Food,Food_Dry
GCA_033896805.1_PDT001995434.1_genomic,North_America,USA,Food,Food_Dry
GCA_033896745.1_PDT001995437.1_genomic,North_America,USA,Environment,Env_Built
GCA_033896785.1_PDT001995440.1_genomic,North_America,USA,Environment,Env_Built
GCA_033947305.1_PDT001995849.1_genomic,North_America,USA,Food,Food_Dry
GCA_033947245.1_PDT001995851.1_genomic,North_America,USA,Environment,Env_Built
GCA_033947265.1_PDT001995852.1_genomic,North_America,USA,Food,Food_Dry
GCA_033947185.1_PDT001995854.1_genomic,North_America,USA,Food,Food_Dry
GCA_033947145.1_PDT001995855.1_genomic,North_America,USA,Environment,Env_Built
GCA_033947165.1_PDT001995856.1_genomic,North_America,USA,Environment,Env_Built
GCA_033947125.1_PDT001995857.1_genomic,North_America,USA,Environment,Env_Built
GCA_033947105.1_PDT001995858.1_genomic,North_America,USA,Food,Food_Other
GCA_033898285.1_PDT001995859.1_genomic,North_America,USA,Food,Food_Other
GCA_033947085.1_PDT001995860.1_genomic,North_America,USA,Environment,Env_Built
GCA_033898245.1_PDT001995861.1_genomic,North_America,USA,Environment,Env_Built
GCA_033947065.1_PDT001995862.1_genomic,North_America,USA,Environment,Env_Built
GCA_033947045.1_PDT001995864.1_genomic,North_America,USA,Environment,Env_Built
GCA_033947005.1_PDT001995865.1_genomic,North_America,USA,Environment,Env_Built
GCA_033946985.1_PDT001995932.1_genomic,North_America,USA,Environment,Env_Built
GCA_033946965.1_PDT001995933.1_genomic,North_America,USA,Environment,Env_Built
GCA_033946845.1_PDT001995938.1_genomic,North_America,USA,Food,Food_Other
GCA_033946885.1_PDT001995939.1_genomic,North_America,USA,Food,Food_Dry
GCA_033946805.1_PDT001995941.1_genomic,North_America,USA,Environment,Env_Built
GCA_033946825.1_PDT001995942.1_genomic,North_America,USA,Food,Food_Dry
GCA_033946765.1_PDT001995944.1_genomic,North_America,USA,Environment,Env_Built
GCA_033946685.1_PDT001995948.1_genomic,North_America,USA,Environment,Env_Built
GCA_033946665.1_PDT001995949.1_genomic,North_America,USA,Environment,Env_Built
GCA_033946585.1_PDT001995951.1_genomic,North_America,USA,Food,Food_Dry
GCA_033946625.1_PDT001995952.1_genomic,North_America,USA,Food,Food_Dry
GCA_033946605.1_PDT001995953.1_genomic,North_America,USA,Environment,Env_Built
GCA_033946565.1_PDT001995954.1_genomic,North_America,USA,Food,Food_Other
GCA_033945405.1_PDT001996025.1_genomic,North_America,USA,Food,Food_Other
GCA_033945165.1_PDT001996039.1_genomic,North_America,USA,Food,Food_Dry
GCA_033945205.1_PDT001996040.1_genomic,North_America,USA,Food,Food_Dry
GCA_033945185.1_PDT001996041.1_genomic,North_America,USA,Food,Food_Dry
GCA_033945145.1_PDT001996042.1_genomic,North_America,USA,Environment,Env_Built
GCA_033945105.1_PDT001996045.1_genomic,North_America,USA,Food,Food_Dry
GCA_033945065.1_PDT001996048.1_genomic,North_America,USA,Food,Food_Other
GCA_033945005.1_PDT001996050.1_genomic,North_America,USA,Environment,Env_Built
GCA_033944945.1_PDT001996052.1_genomic,North_America,USA,Food,Food_Dry
GCA_033944885.1_PDT001996056.1_genomic,North_America,USA,Food,Food_Dry
GCA_033944865.1_PDT001996057.1_genomic,North_America,USA,Environment,Env_Built
GCA_033944835.1_PDT001996058.1_genomic,North_America,USA,Food,Food_Dry
GCA_033944805.1_PDT001996060.1_genomic,North_America,USA,Environment,Env_Built
GCA_033944765.1_PDT001996061.1_genomic,North_America,USA,Food,Food_Other
GCA_033944625.1_PDT001996069.1_genomic,North_America,USA,Environment,Env_Built
GCA_033944605.1_PDT001996072.1_genomic,North_America,USA,Environment,Env_FoodFacility
GCA_033944525.1_PDT001996074.1_genomic,North_America,USA,Food,Food_Dry
GCA_033944465.1_PDT001996075.1_genomic,North_America,USA,Food,Food_Dry
GCA_033944485.1_PDT001996076.1_genomic,North_America,USA,Food,Food_Dry
GCA_033944505.1_PDT001996079.1_genomic,North_America,USA,Environment,Env_FoodFacility
GCA_033944325.1_PDT001996095.1_genomic,North_America,USA,Food,Food_Dry
GCA_033944245.1_PDT001996096.1_genomic,North_America,USA,Food,Food_Dry
GCA_033944285.1_PDT001996097.1_genomic,North_America,USA,Food,Food_Dry
GCA_033944265.1_PDT001996099.1_genomic,North_America,USA,Food,Food_Dry
GCA_033944165.1_PDT001996104.1_genomic,North_America,USA,Food,Food_Dry
GCA_033944065.1_PDT001996112.1_genomic,North_America,USA,Food,Food_Dry
GCA_033897865.1_PDT001996120.1_genomic,North_America,USA,Food,Food_Dry
GCA_033943965.1_PDT001996123.1_genomic,North_America,USA,Food,Food_Other
GCA_033943945.1_PDT001996125.1_genomic,North_America,USA,Environment,Env_FoodFacility
GCA_033943925.1_PDT001996126.1_genomic,North_America,USA,Food,Food_Dry
GCA_033943905.1_PDT001996127.1_genomic,North_America,USA,Environment,Env_FoodFacility
GCA_033943865.1_PDT001996129.1_genomic,North_America,USA,Environment,Env_Built
GCA_033943845.1_PDT001996130.1_genomic,North_America,USA,Food,Food_Dry
GCA_033943805.1_PDT001996132.1_genomic,North_America,USA,Food,Food_Dry
GCA_033943785.1_PDT001996133.1_genomic,North_America,USA,Environment,Env_FoodFacility
GCA_033943765.1_PDT001996134.1_genomic,North_America,USA,Food,Food_Dry
GCA_033943725.1_PDT001996136.1_genomic,North_America,USA,Food,Food_Dry
GCA_033943665.1_PDT001996138.1_genomic,North_America,USA,Environment,Env_Built
GCA_033943645.1_PDT001996140.1_genomic,North_America,USA,Food,Food_Dry
GCA_033943605.1_PDT001996141.1_genomic,North_America,USA,Food,Food_Dry
GCA_033943245.1_PDT001996177.1_genomic,North_America,USA,Food,Food_Dry
GCA_033943205.1_PDT001996179.1_genomic,North_America,USA,Food,Food_Dry
GCA_033943145.1_PDT001996181.1_genomic,North_America,USA,Food,Food_Dry
GCA_033943185.1_PDT001996182.1_genomic,North_America,USA,Food,Food_Dry
GCA_033943125.1_PDT001996184.1_genomic,North_America,USA,Environment,Env_Built
GCA_033897825.1_PDT001996185.1_genomic,North_America,USA,Environment,Env_Built
GCA_033943025.1_PDT001996190.1_genomic,North_America,USA,Food,Food_Dry
GCA_033942925.1_PDT001996194.1_genomic,North_America,USA,Food,Food_Other
GCA_033942825.1_PDT001996201.1_genomic,North_America,USA,Food,Food_Dry
GCA_033942785.1_PDT001996203.1_genomic,North_America,USA,Food,Food_Dry
GCA_033942765.1_PDT001996204.1_genomic,North_America,USA,Environment,Env_Built
GCA_033942665.1_PDT001996209.1_genomic,North_America,USA,Food,Food_Dry
GCA_033942645.1_PDT001996856.1_genomic,North_America,USA,Food,Food_Dry
GCA_033942565.1_PDT001996858.1_genomic,North_America,USA,Food,Food_Dry
GCA_033942485.1_PDT001996862.1_genomic,North_America,USA,Environment,Env_Built
GCA_033942465.1_PDT001996863.1_genomic,North_America,USA,Food,Food_Other
GCA_033942405.1_PDT001996865.1_genomic,North_America,USA,Food,Food_Dry
GCA_033941505.1_PDT001996912.1_genomic,North_America,USA,Food,Food_Dry
GCA_033941485.1_PDT001996913.1_genomic,North_America,USA,Food,Food_Dry
GCA_033941445.1_PDT001996914.1_genomic,North_America,USA,Food,Food_Dry
GCA_033941365.1_PDT001996919.1_genomic,North_America,USA,Environment,Env_Built
GCA_033941345.1_PDT001996920.1_genomic,North_America,USA,Food,Food_Other
GCA_033941305.1_PDT001996923.1_genomic,North_America,USA,Food,Food_Dry
GCA_033941265.1_PDT001996924.1_genomic,North_America,USA,Food,Food_Other
GCA_033941085.1_PDT001996934.1_genomic,North_America,USA,Environment,Env_Built
GCA_033940985.1_PDT001996938.1_genomic,North_America,USA,Environment,Env_Built
GCA_033940925.1_PDT001996940.1_genomic,North_America,USA,Food,Food_Other
GCA_033940905.1_PDT001996941.1_genomic,North_America,USA,Food,Food_Dry
GCA_033940525.1_PDT001996961.1_genomic,North_America,USA,Environment,Env_Built
GCA_033940505.1_PDT001996962.1_genomic,North_America,USA,Environment,Env_Built
GCA_033940425.1_PDT001996966.1_genomic,North_America,USA,Food,Food_Other
GCA_033940305.1_PDT001996972.1_genomic,North_America,USA,Environment,Env_Built
GCA_033940245.1_PDT001996973.1_genomic,North_America,USA,Environment,Env_Built
GCA_033940285.1_PDT001996974.1_genomic,North_America,USA,Food,Food_Other
GCA_033939765.1_PDT001996998.1_genomic,North_America,USA,Food,Food_Other
GCA_033939785.1_PDT001996999.1_genomic,North_America,USA,Environment,Env_FoodFacility
GCA_033939745.1_PDT001997001.1_genomic,North_America,USA,Food,Food_Other
GCA_033939725.1_PDT001997002.1_genomic,North_America,USA,Food,Food_Other
GCA_033939705.1_PDT001997003.1_genomic,North_America,USA,Environment,Env_FoodFacility
GCA_033939585.1_PDT001997008.1_genomic,North_America,USA,Environment,Env_Built
GCA_033939485.1_PDT001997015.1_genomic,North_America,USA,Environment,Env_Built
GCA_033939465.1_PDT001997016.1_genomic,North_America,USA,Food,Food_Dry
GCA_033963745.1_PDT002007958.1_genomic,North_America,USA,Environment,Env_FoodFacility
GCA_033963665.1_PDT002007959.1_genomic,North_America,USA,Food,Food_Dry
GCA_033963705.1_PDT002007961.1_genomic,North_America,USA,Environment,Env_Built
GCA_033963725.1_PDT002007962.1_genomic,North_America,USA,Food,Food_Dry
GCA_033963625.1_PDT002007963.1_genomic,North_America,USA,Food,Food_Other
GCA_033963645.1_PDT002007965.1_genomic,North_America,USA,Environment,Env_Built
GCA_033963585.1_PDT002007966.1_genomic,North_America,USA,Environment,Env_Built
GCA_033963105.1_PDT002007967.1_genomic,North_America,USA,Food,Food_Dry
GCA_033963505.1_PDT002007971.1_genomic,North_America,USA,Environment,Env_Built
GCA_033963045.1_PDT002007972.1_genomic,North_America,USA,Food,Food_Dry
GCA_033963525.1_PDT002007973.1_genomic,North_America,USA,Environment,Env_Built
GCA_033963445.1_PDT002007975.1_genomic,North_America,USA,Environment,Env_FoodFacility
GCA_033963455.1_PDT002007977.1_genomic,North_America,USA,Environment,Env_Built
GCA_033963405.1_PDT002007979.1_genomic,North_America,USA,Environment,Env_FoodFacility
GCA_033963305.1_PDT002007983.1_genomic,North_America,USA,Environment,Env_FoodFacility
GCA_033963265.1_PDT002007987.1_genomic,North_America,USA,Food,Food_Other
GCA_033962965.1_PDT002007988.1_genomic,North_America,USA,Environment,Env_FoodFacility
GCA_033962855.1_PDT002007991.1_genomic,North_America,USA,Food,Food_Dry
GCA_033962775.1_PDT002007992.1_genomic,North_America,USA,Food,Food_Other
GCA_033962095.1_PDT002008011.1_genomic,North_America,USA,Environment,Env_Built
GCA_033962395.1_PDT002008013.1_genomic,North_America,USA,Environment,Env_Built
GCA_033962355.1_PDT002008014.1_genomic,North_America,USA,Environment,Env_Built
GCA_033962115.1_PDT002008037.1_genomic,North_America,USA,Food,Food_Other
GCA_033961895.1_PDT002008038.1_genomic,North_America,USA,Food,Food_Other
GCA_033961955.1_PDT002008039.1_genomic,North_America,USA,Food,Food_Other
GCA_033961875.1_PDT002008043.1_genomic,North_America,USA,Food,Food_Other
GCA_033961425.1_PDT002008065.1_genomic,North_America,USA,Food,Food_Other
GCA_033961325.1_PDT002008069.1_genomic,North_America,USA,Environment,Env_Built
GCA_033961285.1_PDT002008075.1_genomic,North_America,USA,Food,Food_Other
GCA_033961165.1_PDT002008082.1_genomic,North_America,USA,Food,Food_Other
GCA_033961145.1_PDT002008083.1_genomic,North_America,USA,Food,Food_Dry
GCA_034408565.1_PDT002008084.1_genomic,North_America,USA,Food,Food_Other
GCA_033961095.1_PDT002008086.1_genomic,North_America,USA,Environment,Env_Built
GCA_033961025.1_PDT002008088.1_genomic,North_America,USA,Food,Food_Other
GCA_033961085.1_PDT002008089.1_genomic,North_America,USA,Environment,Env_Built
GCA_033961045.1_PDT002008090.1_genomic,North_America,USA,Food,Food_Other
GCA_033961005.1_PDT002008091.1_genomic,North_America,USA,Food,Food_Dry
GCA_033960925.1_PDT002008095.1_genomic,North_America,USA,Food,Food_Dry
GCA_033960765.1_PDT002008099.1_genomic,North_America,USA,Food,Food_Dry
GCA_033960905.1_PDT002008100.1_genomic,North_America,USA,Environment,Env_Built
GCA_033960705.1_PDT002008103.1_genomic,North_America,USA,Food,Food_Dry
GCA_033960665.1_PDT002008106.1_genomic,North_America,USA,Environment,Env_Built
GCA_033960625.1_PDT002008107.1_genomic,North_America,USA,Environment,Env_Built
GCA_033960885.1_PDT002008108.1_genomic,North_America,USA,Environment,Env_Built
GCA_033960545.1_PDT002008113.1_genomic,North_America,USA,Food,Food_Dry
GCA_033961855.1_PDT002008118.1_genomic,North_America,USA,Environment,Env_Built
GCA_033960825.1_PDT002008121.1_genomic,North_America,USA,Food,Food_Other
GCA_033960425.1_PDT002008122.1_genomic,North_America,USA,Environment,Env_Built
GCA_033960345.1_PDT002008132.1_genomic,North_America,USA,Environment,Env_Built
GCA_033972705.1_PDT002008526.1_genomic,North_America,USA,Environment,Env_Built
GCA_034030155.1_PDT002008533.1_genomic,North_America,USA,Environment,Env_FoodFacility
GCA_033972605.1_PDT002008534.1_genomic,North_America,USA,Environment,Env_FoodFacility
GCA_033972305.1_PDT002008547.1_genomic,North_America,USA,Environment,Env_FoodFacility
GCA_033972405.1_PDT002008556.1_genomic,North_America,USA,Environment,Env_FoodFacility
GCA_034328365.1_PDT002026018.1_genomic,North_America,USA,Environment,Env_Built
GCA_034513645.1_ASM3451364v1_genomic,Asia,Thailand,Clinical,Clin_Other
GCA_034835875.1_PDT002043339.1_genomic,North_America,USA,Food,Food_Other
GCA_034836775.1_PDT002043346.1_genomic,North_America,USA,Food,Food_Powdered
GCA_034837175.1_PDT002043352.1_genomic,North_America,USA,Food,Food_Powdered
GCA_034835835.1_PDT002043353.1_genomic,North_America,USA,Food,Food_Powdered
GCA_034838535.1_PDT002043355.1_genomic,North_America,Dominican Republic,Food,Food_Powdered
GCA_034836675.1_PDT002043356.1_genomic,North_America,Dominican Republic,Food,Food_Powdered
GCA_034836655.1_PDT002043357.1_genomic,North_America,USA,Food,Food_Powdered
GCA_034836615.1_PDT002043359.1_genomic,North_America,USA,Food,Food_Powdered
GCA_034838515.1_PDT002043360.1_genomic,North_America,USA,Food,Food_Powdered
GCA_034836595.1_PDT002043361.1_genomic,North_America,USA,Food,Food_Powdered
GCA_034836555.1_PDT002043362.1_genomic,North_America,USA,Food,Food_Powdered
GCA_034836535.1_PDT002043363.1_genomic,North_America,Dominican Republic,Food,Food_Powdered
GCA_034836515.1_PDT002043365.1_genomic,North_America,Dominican Republic,Food,Food_Powdered
GCA_034836495.1_PDT002043367.1_genomic,North_America,USA,Food,Food_Powdered
GCA_034838495.1_PDT002043369.1_genomic,North_America,USA,Food,Food_Powdered
GCA_034836415.1_PDT002043372.1_genomic,North_America,USA,Clinical,Clin_Other
GCA_034836475.1_PDT002043373.1_genomic,North_America,USA,Clinical,Clin_Other
GCA_034837155.1_PDT002043374.1_genomic,North_America,USA,Clinical,Clin_Other
GCA_034836355.1_PDT002043375.1_genomic,North_America,USA,Clinical,Clin_Other
GCA_034838475.1_PDT002043376.1_genomic,North_America,USA,Clinical,Clin_Other
GCA_034836395.1_PDT002043377.1_genomic,North_America,USA,Clinical,Clin_Other